id,speed
0,45.8542248280608
1,45.34129717863154
2,35.30886505230794
3,28.22324195511405
4,34.75996102487503
5,27.499518466740927
6,24.733941409329944
7,45.8542248280608
8,45.8542248280608
9,35.30886505230794
10,32.916816205499295
11,24.736543941827197
12,24.736543941827197
13,24.736543941827197
14,28.517645310887264
15,38.10690567475881
16,38.19518792289132
17,41.027955376665304
18,45.8542248280608
19,45.8542248280608
20,45.34129717863154
21,43.87400916575793
22,24.542979844097847
23,30.74307200252061
24,30.498639133199603
25,23.8657913499881
26,23.8657913499881
27,23.8657913499881
28,21.339126252584634
29,21.01932105436908
30,27.365301158383634
31,41.027955376665304
32,45.8542248280608
33,33.67169129509182
34,31.029093849087687
35,30.78466097976668
36,26.302769422339512
37,26.302769422339512
38,41.151454092950736
39,38.19518792289132
40,41.027955376665304
41,45.8542248280608
42,45.8542248280608
43,43.87400916575793
44,25.18812286662647
45,23.768793374603092
46,23.768793374603092
47,20.109233266804548
48,41.151454092950736
49,45.8542248280608
50,45.8542248280608
51,22.26888442823269
52,25.807659233535592
53,23.421604572201137
54,23.421604572201137
55,22.93638029624452
56,17.825533699155027
57,18.979135366658667
58,27.220892243996634
59,38.19518792289132
60,23.07540798368055
61,26.333894032745537
62,23.421604572201137
63,23.421604572201137
64,38.10690567475881
65,45.8542248280608
66,45.8542248280608
67,45.34129717863154
68,43.87400916575793
69,32.435864779382065
70,26.333894032745537
71,25.807659233535592
72,23.421604572201137
73,23.421604572201137
74,22.70170911385489
75,18.979135366658667
76,41.151454092950736
77,38.19518792289132
78,41.027955376665304
79,45.8542248280608
80,22.14569612024805
81,22.64206159664689
82,25.900547645711878
83,22.70170911385489
84,21.67535029347998
85,17.590862516765398
86,27.220892243996634
87,38.10690567475881
88,41.151454092950736
89,38.01914200971665
90,45.8542248280608
91,45.8542248280608
92,45.54671982676728
93,45.34129717863154
94,32.079524138225324
95,22.14569612024805
96,25.900547645711878
97,17.590862516765398
98,18.979135366658667
99,27.220892243996634
100,38.01914200971665
101,45.8542248280608
102,22.783531351607483
103,22.878786214755642
104,21.852427394380733
105,41.151454092950736
106,38.01914200971665
107,45.8542248280608
108,43.87400916575793
109,23.64491804374224
110,17.59982942874522
111,18.979135366658667
112,27.220892243996634
113,38.01914200971665
114,40.82824994975097
115,45.8542248280608
116,45.54671982676728
117,32.29360145349367
118,24.0289864273349
119,22.067928597898625
120,21.684317205459802
121,18.979135366658667
122,37.0893380012363
123,45.8542248280608
124,45.54671982676728
125,24.71432363276698
126,24.0289864273349
127,17.59982942874522
128,27.220892243996634
129,40.22165008447038
130,45.8542248280608
131,45.54671982676728
132,45.34129717863154
133,26.477951823013708
134,24.0289864273349
135,22.81312527026734
136,37.43702768543527
137,40.22165008447038
138,45.8542248280608
139,45.54671982676728
140,45.34129717863154
141,43.87400916575793
142,32.29360145349367
143,22.770171767752807
144,23.126065182236786
145,22.361332782903084
146,21.684317205459802
147,45.8542248280608
148,45.8542248280608
149,45.8542248280608
150,45.54671982676728
151,23.126065182236786
152,23.126065182236786
153,22.361332782903084
154,18.979135366658667
155,27.220892243996634
156,37.43702768543527
157,40.22165008447038
158,36.55986940823671
159,39.75505166260447
160,45.8542248280608
161,45.8542248280608
162,45.8542248280608
163,45.54671982676728
164,43.87400916575793
165,32.29360145349367
166,22.770171767752807
167,23.126065182236786
168,22.361332782903084
169,22.361332782903084
170,17.59982942874522
171,18.979135366658667
172,40.10509407201794
173,45.8542248280608
174,43.87400916575793
175,32.29360145349367
176,26.82824543559291
177,23.126065182236786
178,23.126065182236786
179,18.979135366658667
180,40.10509407201794
181,45.8542248280608
182,45.8542248280608
183,45.54671982676728
184,32.42949749134712
185,21.684317205459802
186,17.59982942874522
187,40.10509407201794
188,39.63849565015203
189,45.8542248280608
190,32.42949749134712
191,23.848353060948977
192,24.204246475432956
193,22.361332782903084
194,22.361332782903084
195,21.684317205459802
196,17.59982942874522
197,27.220892243996634
198,40.10509407201794
199,45.8542248280608
200,45.8542248280608
201,32.42949749134712
202,28.64168962968136
203,24.204246475432956
204,22.361332782903084
205,22.361332782903084
206,37.320471672982826
207,36.443313395784266
208,45.8542248280608
209,45.8542248280608
210,45.8542248280608
211,45.34129717863154
212,32.42949749134712
213,22.92740646215094
214,27.720743030883323
215,27.194508231673378
216,21.684317205459802
217,27.53519839224986
218,40.10509407201794
219,45.8542248280608
220,45.34129717863154
221,43.87400916575793
222,32.42949749134712
223,23.968637082067
224,18.428274550391656
225,27.53519839224986
226,39.63849565015203
227,45.8542248280608
228,24.215677256595384
229,27.44154840620176
230,22.608372957431467
231,23.067022420529376
232,39.63849565015203
233,45.8542248280608
234,45.34129717863154
235,25.0478258789405
236,28.273697028546877
237,24.36248867350842
238,28.917903607319435
239,40.10509407201794
240,36.443313395784266
241,39.63849565015203
242,45.8542248280608
243,45.8542248280608
244,45.8542248280608
245,45.8542248280608
246,24.89254815204037
247,24.36248867350842
248,22.608372957431467
249,23.067022420529376
250,18.982534643814795
251,28.917903607319435
252,37.320471672982826
253,36.443313395784266
254,39.63849565015203
255,45.8542248280608
256,45.54671982676728
257,43.87400916575793
258,32.42949749134712
259,24.36248867350842
260,22.608372957431467
261,22.608372957431467
262,18.982534643814795
263,37.320471672982826
264,36.443313395784266
265,39.63849565015203
266,45.8542248280608
267,43.87400916575793
268,25.50478489836656
269,24.75308298185049
270,22.998967265773537
271,22.998967265773537
272,23.457616728871447
273,19.373128952156865
274,39.63849565015203
275,45.8542248280608
276,45.8542248280608
277,45.54671982676728
278,32.933448767932525
279,24.4635542784505
280,25.50478489836656
281,28.512101165350504
282,24.991487118654117
283,23.457616728871447
284,19.373128952156865
285,19.81097976546123
286,45.8542248280608
287,45.8542248280608
288,24.4635542784505
289,24.5634252493042
290,23.02955485952153
291,18.945067082806947
292,19.81097976546123
293,28.917903607319435
294,40.10509407201794
295,45.8542248280608
296,45.34129717863154
297,35.30886505230794
298,28.08696889066235
299,33.51298485707292
300,29.14999601836548
301,26.252531946107982
302,28.544085983981862
303,41.072509901928335
304,40.9490111856429
305,45.8542248280608
306,45.8542248280608
307,45.8542248280608
308,43.87400916575793
309,35.30886505230794
310,26.377817346530076
311,22.06770530167269
312,41.072509901928335
313,38.11624373186892
314,40.9490111856429
315,45.8542248280608
316,43.87400916575793
317,41.072509901928335
318,38.11624373186892
319,40.9490111856429
320,45.8542248280608
321,45.8542248280608
322,45.34129717863154
323,43.87400916575793
324,25.811903144138817
325,26.764926014179885
326,33.38177384834804
327,28.655449421599872
328,26.224843793278954
329,25.881107678280422
330,22.569151567263244
331,29.44507241602177
332,38.10690567475881
333,41.072509901928335
334,38.11624373186892
335,40.9490111856429
336,45.54671982676728
337,45.34129717863154
338,25.10006838251999
339,27.972744107695604
340,27.972744107695604
341,29.44507241602177
342,41.072509901928335
343,40.9490111856429
344,45.8542248280608
345,45.8542248280608
346,45.54671982676728
347,23.453262480795583
348,38.11624373186892
349,45.8542248280608
350,45.8542248280608
351,45.54671982676728
352,32.435864779382065
353,22.39898357896116
354,26.554256152413814
355,23.453262480795583
356,22.528270495559262
357,27.220892243996634
358,38.10690567475881
359,41.072509901928335
360,40.9490111856429
361,45.8542248280608
362,22.709141658010182
363,26.554256152413814
364,23.218591298405954
365,22.293599313169633
366,19.57258815157072
367,27.220892243996634
368,41.072509901928335
369,45.8542248280608
370,45.8542248280608
371,45.54671982676728
372,45.34129717863154
373,23.55170372292961
374,23.55170372292961
375,18.979135366658667
376,27.220892243996634
377,37.94019781869425
378,40.9490111856429
379,45.8542248280608
380,22.709141658010182
381,22.293599313169633
382,18.979135366658667
383,37.94019781869425
384,45.8542248280608
385,45.54671982676728
386,45.34129717863154
387,24.216983035943343
388,25.0783697280781
389,23.395668399306707
390,23.395668399306707
391,41.072509901928335
392,45.8542248280608
393,45.8542248280608
394,45.34129717863154
395,24.216983035943343
396,25.0783697280781
397,28.164574413465825
398,27.63833961425588
399,23.227558210385777
400,19.581555063550542
401,38.10690567475881
402,37.94019781869425
403,45.8542248280608
404,45.34129717863154
405,43.87400916575793
406,32.53558532085348
407,25.0783697280781
408,24.572876450427323
409,22.58481078244969
410,22.302566225149455
411,18.979135366658667
412,41.10785883413851
413,37.97554675090443
414,40.6412604122726
415,45.8542248280608
416,45.8542248280608
417,45.54671982676728
418,45.34129717863154
419,32.53558532085348
420,22.302566225149455
421,18.979135366658667
422,41.10785883413851
423,37.8573393395079
424,45.8542248280608
425,45.8542248280608
426,43.87400916575793
427,27.63833961425588
428,24.572876450427323
429,37.9569775497959
430,40.6412604122726
431,45.8542248280608
432,45.54671982676728
433,43.87400916575793
434,24.216983035943343
435,27.63833961425588
436,24.572876450427323
437,22.302566225149455
438,45.8542248280608
439,45.8542248280608
440,45.8542248280608
441,28.164574413465825
442,24.572876450427323
443,22.87821496745415
444,19.581555063550542
445,27.220892243996634
446,37.8573393395079
447,40.6412604122726
448,45.34129717863154
449,43.87400916575793
450,33.0197271017849
451,28.64871619439725
452,28.122481395187304
453,25.057018231358747
454,22.87821496745415
455,22.87821496745415
456,22.302566225149455
457,27.220892243996634
458,45.8542248280608
459,45.8542248280608
460,33.0197271017849
461,25.057018231358747
462,25.057018231358747
463,22.87821496745415
464,27.220892243996634
465,37.84042153734346
466,45.8542248280608
467,45.8542248280608
468,45.34129717863154
469,43.87400916575793
470,23.56743428600554
471,24.6086649059216
472,23.92332770048952
473,22.302566225149455
474,19.581555063550542
475,27.220892243996634
476,45.54671982676728
477,43.87400916575793
478,28.360770854737922
479,23.92332770048952
480,22.87821496745415
481,22.302566225149455
482,27.220892243996634
483,45.8542248280608
484,45.54671982676728
485,45.34129717863154
486,32.42949749134712
487,28.360770854737922
488,23.92332770048952
489,19.581555063550542
490,18.428274550391656
491,37.74078332705546
492,40.52470439982016
493,45.8542248280608
494,45.8542248280608
495,45.54671982676728
496,24.6086649059216
497,28.360770854737922
498,37.84042153734346
499,45.8542248280608
500,45.8542248280608
501,45.8542248280608
502,45.54671982676728
503,45.34129717863154
504,24.6086649059216
505,27.834536055527977
506,23.92332770048952
507,23.92332770048952
508,22.87821496745415
509,37.84042153734346
510,45.8542248280608
511,45.8542248280608
512,45.34129717863154
513,43.87400916575793
514,23.615756870621766
515,24.656987490537826
516,28.409093439354148
517,23.971650285105746
518,45.8542248280608
519,45.34129717863154
520,25.0478258789405
521,28.273697028546877
522,22.926537552070375
523,23.68527144021903
524,19.81097976546123
525,40.99130282168607
526,45.8542248280608
527,45.8542248280608
528,45.54671982676728
529,32.42949749134712
530,24.89254815204037
531,24.36248867350842
532,22.926537552070375
533,20.964260278620117
534,19.81097976546123
535,45.34129717863154
536,32.42949749134712
537,24.89254815204037
538,22.926537552070375
539,22.926537552070375
540,20.964260278620117
541,19.81097976546123
542,40.99130282168607
543,40.52470439982016
544,45.8542248280608
545,43.87400916575793
546,26.488942523465308
547,28.494690188387533
548,28.494690188387533
549,27.449117409501635
550,24.29085208884966
551,38.10690567475881
552,40.9490111856429
553,45.8542248280608
554,45.8542248280608
555,43.87400916575793
556,35.070209310579614
557,24.26339973325427
558,28.859596410022796
559,28.61516354070179
560,25.722511516552128
561,25.722511516552128
562,25.109922078680334
563,25.109922078680334
564,22.95711208727744
565,21.599252117437644
566,41.072509901928335
567,38.11624373186892
568,40.9490111856429
569,45.8542248280608
570,45.54671982676728
571,27.219478765086865
572,38.10690567475881
573,45.8542248280608
574,45.8542248280608
575,45.8542248280608
576,45.34129717863154
577,24.984828377683144
578,27.17295068734553
579,29.44507241602177
580,38.10690567475881
581,38.11624373186892
582,45.8542248280608
583,45.8542248280608
584,24.272993616064316
585,25.238275344752786
586,30.361388039438083
587,30.116955170117077
588,27.392342846030672
589,26.872045636550233
590,26.872045636550233
591,26.5283095215517
592,40.9490111856429
593,45.8542248280608
594,45.8542248280608
595,45.34129717863154
596,43.87400916575793
597,31.926832076199116
598,26.216933084313286
599,22.090171525683605
600,18.40379838493523
601,45.8542248280608
602,45.54671982676728
603,43.87400916575793
604,21.60888400561022
605,22.548356580001744
606,38.10690567475881
607,38.11624373186892
608,45.8542248280608
609,45.8542248280608
610,45.8542248280608
611,45.54671982676728
612,43.87400916575793
613,22.574165734298692
614,26.74316788352323
615,22.548356580001744
616,22.199236458292507
617,22.199236458292507
618,19.690249181089946
619,27.446779916168673
620,40.9490111856429
621,45.8542248280608
622,45.8542248280608
623,45.54671982676728
624,43.87400916575793
625,31.926832076199116
626,22.667097543537125
627,22.317977421827887
628,22.317977421827887
629,18.52253934847061
630,27.565520879704053
631,45.8542248280608
632,45.34129717863154
633,43.87400916575793
634,31.570491435042378
635,22.692906697834072
636,22.317977421827887
637,45.8542248280608
638,45.8542248280608
639,45.34129717863154
640,23.419054542070732
641,23.300235827066025
642,22.49505452272864
643,22.15131840773011
644,18.52253934847061
645,41.072509901928335
646,37.94019781869425
647,45.8542248280608
648,45.8542248280608
649,45.54671982676728
650,43.87400916575793
651,22.32694433380771
652,22.32694433380771
653,18.52253934847061
654,27.565520879704053
655,45.8542248280608
656,45.8542248280608
657,45.8542248280608
658,45.54671982676728
659,45.34129717863154
660,43.87400916575793
661,23.310483245494666
662,27.209398733110692
663,22.951676695244853
664,22.951676695244853
665,21.684196905871623
666,21.983208218809178
667,18.52253934847061
668,41.10785883413851
669,37.97554675090443
670,40.6412604122726
671,45.54671982676728
672,43.87400916575793
673,26.683163933900747
674,22.951676695244853
675,37.9569775497959
676,45.8542248280608
677,45.8542248280608
678,45.34129717863154
679,22.763930892431283
680,26.683163933900747
681,22.951676695244853
682,22.429393578240337
683,21.983208218809178
684,41.10785883413851
685,45.8542248280608
686,45.8542248280608
687,45.54671982676728
688,43.87400916575793
689,32.026552617670525
690,23.49032717327597
691,27.209398733110692
692,22.951676695244853
693,21.97760109087608
694,45.8542248280608
695,45.8542248280608
696,32.026552617670525
697,22.763930892431283
698,26.683163933900747
699,22.951676695244853
700,21.97760109087608
701,19.81795705660515
702,37.9569775497959
703,45.8542248280608
704,45.8542248280608
705,45.54671982676728
706,45.34129717863154
707,43.87400916575793
708,23.974468954207392
709,27.693540514042116
710,27.16730571483217
711,23.435818476176276
712,23.435818476176276
713,21.97760109087608
714,18.52253934847061
715,37.84042153734346
716,37.74078332705546
717,40.52470439982016
718,45.54671982676728
719,32.51069439860195
720,21.97760109087608
721,19.81795705660515
722,18.52253934847061
723,40.99130282168607
724,40.52470439982016
725,45.54671982676728
726,45.34129717863154
727,31.920464788164164
728,22.845588865738492
729,21.97760109087608
730,19.81795705660515
731,40.52470439982016
732,45.8542248280608
733,45.8542248280608
734,43.87400916575793
735,22.657843062924922
736,22.845588865738492
737,21.97760109087608
738,21.983208218809178
739,17.971678532203597
740,37.84042153734346
741,40.99130282168607
742,45.8542248280608
743,45.8542248280608
744,45.8542248280608
745,31.920464788164164
746,23.384239343769607
747,27.222076036346863
748,26.695841237136918
749,22.845588865738492
750,21.97760109087608
751,21.983208218809178
752,40.52470439982016
753,45.8542248280608
754,45.8542248280608
755,45.54671982676728
756,45.34129717863154
757,23.384239343769607
758,22.845588865738492
759,21.97760109087608
760,21.983208218809178
761,17.971678532203597
762,27.87982702795728
763,40.99130282168607
764,37.74078332705546
765,40.52470439982016
766,45.8542248280608
767,45.8542248280608
768,31.920464788164164
769,22.845588865738492
770,21.983208218809178
771,17.971678532203597
772,27.87982702795728
773,45.8542248280608
774,45.8542248280608
775,45.54671982676728
776,45.34129717863154
777,43.87400916575793
778,22.845588865738492
779,40.99130282168607
780,45.8542248280608
781,45.8542248280608
782,45.54671982676728
783,22.657843062924922
784,23.384239343769607
785,22.845588865738492
786,21.97760109087608
787,21.97760109087608
788,17.971678532203597
789,27.87982702795728
790,45.8542248280608
791,45.8542248280608
792,45.8542248280608
793,45.8542248280608
794,26.64542348700301
795,26.119188687793066
796,22.26893631639464
797,17.395025982859746
798,27.30317447861343
799,45.34129717863154
800,31.920464788164164
801,21.92591278668094
802,22.26893631639464
803,21.40094854153223
804,21.406555669465327
805,19.241304507261297
806,37.84042153734346
807,40.99130282168607
808,45.8542248280608
809,45.8542248280608
810,45.54671982676728
811,45.34129717863154
812,32.42441606474957
813,22.53814953300713
814,26.64542348700301
815,26.119188687793066
816,22.65953062473671
817,40.99130282168607
818,37.74078332705546
819,45.8542248280608
820,45.34129717863154
821,24.502477022474054
822,28.17020087849891
823,24.135865970162577
824,22.766487310565644
825,22.766487310565644
826,45.8542248280608
827,45.54671982676728
828,22.71283439443629
829,21.538165841953543
830,21.538165841953543
831,17.794255671296526
832,37.84042153734346
833,40.52470439982016
834,45.8542248280608
835,45.8542248280608
836,35.070209310579614
837,29.991162909570182
838,41.072509901928335
839,38.11624373186892
840,45.8542248280608
841,45.8542248280608
842,45.54671982676728
843,31.582161882604392
844,29.052180084746766
845,26.899370093343872
846,29.847401869539148
847,38.11624373186892
848,45.8542248280608
849,45.8542248280608
850,45.8542248280608
851,24.802322977042817
852,29.08861836435394
853,26.364006040267537
854,27.63171700523916
855,27.63171700523916
856,24.382810486159784
857,38.11624373186892
858,40.9490111856429
859,45.8542248280608
860,45.54671982676728
861,45.34129717863154
862,23.205972344651553
863,29.26523732031076
864,26.29619212690335
865,25.394159790059312
866,27.66621638299018
867,41.072509901928335
868,38.11624373186892
869,45.8542248280608
870,45.34129717863154
871,23.459419311721195
872,24.749518624265484
873,21.10226498890298
874,41.072509901928335
875,40.9490111856429
876,45.8542248280608
877,45.8542248280608
878,45.34129717863154
879,22.548356580001744
880,19.924920363479576
881,18.40379838493523
882,27.446779916168673
883,41.072509901928335
884,38.11624373186892
885,45.8542248280608
886,45.8542248280608
887,45.8542248280608
888,45.54671982676728
889,45.34129717863154
890,31.926832076199116
891,22.574165734298692
892,22.090171525683605
893,19.924920363479576
894,38.11624373186892
895,45.8542248280608
896,21.919042084659242
897,26.216933084313286
898,21.85556547903935
899,21.855500343293976
900,40.9490111856429
901,45.8542248280608
902,45.8542248280608
903,31.926832076199116
904,22.037783048194623
905,22.692906697834072
906,26.335674047848666
907,22.667097543537125
908,21.97430644257473
909,19.808990144625326
910,38.10690567475881
911,40.9490111856429
912,45.8542248280608
913,45.54671982676728
914,45.34129717863154
915,26.86190884705861
916,26.335674047848666
917,21.97430644257473
918,21.97430644257473
919,19.808990144625326
920,45.8542248280608
921,45.8542248280608
922,45.54671982676728
923,22.763930892431283
924,27.31797002968676
925,26.791735230476814
926,22.151383543475482
927,22.151383543475482
928,19.98606724552608
929,18.52253934847061
930,27.565520879704053
931,38.10690567475881
932,41.072509901928335
933,45.8542248280608
934,22.763930892431283
935,23.310483245494666
936,21.98327335455455
937,21.983208218809178
938,19.81795705660515
939,27.565520879704053
940,41.072509901928335
941,45.8542248280608
942,45.8542248280608
943,45.54671982676728
944,45.34129717863154
945,32.026552617670525
946,22.763930892431283
947,27.209398733110692
948,26.683163933900747
949,21.684196905871623
950,40.6412604122726
951,45.8542248280608
952,45.8542248280608
953,43.87400916575793
954,32.026552617670525
955,23.49032717327597
956,26.683163933900747
957,21.684196905871623
958,37.9569775497959
959,37.8573393395079
960,45.8542248280608
961,45.8542248280608
962,45.54671982676728
963,43.87400916575793
964,22.763930892431283
965,23.49032717327597
966,27.209398733110692
967,26.683163933900747
968,22.951676695244853
969,22.951676695244853
970,18.52253934847061
971,37.8573393395079
972,45.8542248280608
973,22.763930892431283
974,23.49032717327597
975,27.209398733110692
976,22.951676695244853
977,21.97760109087608
978,21.983208218809178
979,19.81795705660515
980,18.52253934847061
981,27.565520879704053
982,40.6412604122726
983,45.8542248280608
984,45.8542248280608
985,45.54671982676728
986,27.209398733110692
987,21.97760109087608
988,21.983208218809178
989,18.52253934847061
990,37.9569775497959
991,41.10785883413851
992,45.8542248280608
993,45.8542248280608
994,45.54671982676728
995,45.34129717863154
996,32.51069439860195
997,23.248072673362707
998,23.974468954207392
999,27.16730571483217
1000,23.435818476176276
1001,21.97760109087608
1002,21.97760109087608
1003,19.81795705660515
1004,27.565520879704053
1005,40.52470439982016
1006,45.8542248280608
1007,45.34129717863154
1008,43.87400916575793
1009,32.51069439860195
1010,23.974468954207392
1011,23.435818476176276
1012,19.81795705660515
1013,18.52253934847061
1014,40.52470439982016
1015,45.8542248280608
1016,45.54671982676728
1017,31.920464788164164
1018,23.384239343769607
1019,27.10331090360433
1020,21.97760109087608
1021,21.97760109087608
1022,17.971678532203597
1023,37.84042153734346
1024,40.99130282168607
1025,37.74078332705546
1026,45.8542248280608
1027,22.657843062924922
1028,22.845588865738492
1029,21.97760109087608
1030,21.97760109087608
1031,21.983208218809178
1032,19.81795705660515
1033,37.84042153734346
1034,40.99130282168607
1035,45.8542248280608
1036,45.8542248280608
1037,45.8542248280608
1038,31.920464788164164
1039,23.384239343769607
1040,22.845588865738492
1041,21.97760109087608
1042,21.983208218809178
1043,17.971678532203597
1044,37.84042153734346
1045,40.99130282168607
1046,37.74078332705546
1047,45.8542248280608
1048,45.8542248280608
1049,45.54671982676728
1050,31.920464788164164
1051,26.695841237136918
1052,22.845588865738492
1053,17.971678532203597
1054,40.52470439982016
1055,45.8542248280608
1056,45.8542248280608
1057,45.34129717863154
1058,43.87400916575793
1059,22.657843062924922
1060,27.222076036346863
1061,22.845588865738492
1062,17.971678532203597
1063,37.84042153734346
1064,40.99130282168607
1065,37.74078332705546
1066,45.8542248280608
1067,45.8542248280608
1068,45.8542248280608
1069,45.54671982676728
1070,45.34129717863154
1071,43.87400916575793
1072,22.657843062924922
1073,21.97760109087608
1074,21.983208218809178
1075,27.87982702795728
1076,37.84042153734346
1077,45.8542248280608
1078,43.87400916575793
1079,22.657843062924922
1080,23.384239343769607
1081,21.97760109087608
1082,21.983208218809178
1083,19.81795705660515
1084,40.99130282168607
1085,37.74078332705546
1086,40.52470439982016
1087,45.54671982676728
1088,22.831415482013963
1089,19.80378367288062
1090,37.74078332705546
1091,40.52470439982016
1092,45.8542248280608
1093,45.54671982676728
1094,43.87400916575793
1095,31.920464788164164
1096,22.488391952300262
1097,23.214788233144947
1098,21.963427707151553
1099,21.96903483508465
1100,19.80378367288062
1101,27.86565364423275
1102,37.84042153734346
1103,40.99130282168607
1104,37.74078332705546
1105,40.52470439982016
1106,45.8542248280608
1107,45.34129717863154
1108,32.42441606474957
1109,23.222009790356033
1110,22.354022015493623
1111,22.354022015493623
1112,17.95750514847907
1113,27.86565364423275
1114,37.84042153734346
1115,45.8542248280608
1116,45.8542248280608
1117,45.34129717863154
1118,27.882370216092593
1119,28.16989229665196
1120,37.84042153734346
1121,37.74078332705546
1122,40.52470439982016
1123,45.8542248280608
1124,43.87400916575793
1125,28.417585931894163
1126,28.5917056864931
1127,28.5917056864931
1128,28.991136689605604
1129,38.10690567475881
1130,40.9490111856429
1131,45.8542248280608
1132,45.34129717863154
1133,43.87400916575793
1134,35.070209310579614
1135,24.71140164203487
1136,25.646358463215613
1137,25.641818877487037
1138,25.641818877487037
1139,21.269389567534873
1140,41.072509901928335
1141,38.11624373186892
1142,45.8542248280608
1143,45.8542248280608
1144,45.54671982676728
1145,33.52903937306729
1146,25.0966580589394
1147,25.0966580589394
1148,45.34129717863154
1149,43.87400916575793
1150,22.48728754111371
1151,28.546552516772916
1152,28.30211964745191
1153,25.053352361248393
1154,25.053352361248393
1155,20.02956963674139
1156,18.718044433746222
1157,26.947531579452335
1158,38.10690567475881
1159,38.11624373186892
1160,45.8542248280608
1161,45.8542248280608
1162,45.8542248280608
1163,45.34129717863154
1164,21.61563759735754
1165,24.21083186520678
1166,23.346863676473188
1167,23.346798540727814
1168,45.8542248280608
1169,45.8542248280608
1170,43.87400916575793
1171,23.171632957878597
1172,17.62593392625186
1173,41.072509901928335
1174,40.9490111856429
1175,45.54671982676728
1176,45.34129717863154
1177,31.74851243345749
1178,22.232160383487074
1179,23.197442112175544
1180,22.09023666142898
1181,22.090171525683605
1182,17.62593392625186
1183,41.072509901928335
1184,40.9490111856429
1185,45.8542248280608
1186,45.54671982676728
1187,45.34129717863154
1188,31.74851243345749
1189,23.171632957878597
1190,21.85556547903935
1191,21.85556547903935
1192,38.10690567475881
1193,41.072509901928335
1194,45.8542248280608
1195,45.54671982676728
1196,45.34129717863154
1197,43.87400916575793
1198,31.74851243345749
1199,40.9490111856429
1200,45.8542248280608
1201,45.8542248280608
1202,43.87400916575793
1203,23.316183075710924
1204,26.95895042572552
1205,23.290373921413977
1206,23.290373921413977
1207,19.808990144625326
1208,27.565520879704053
1209,37.94019781869425
1210,45.34129717863154
1211,43.87400916575793
1212,23.46745102231473
1213,23.46745102231473
1214,22.151383543475482
1215,22.15131840773011
1216,45.8542248280608
1217,45.8542248280608
1218,45.34129717863154
1219,31.392171792300754
1220,26.850379129149452
1221,23.118891890493558
1222,23.118891890493558
1223,21.98327335455455
1224,21.983208218809178
1225,19.81795705660515
1226,17.74467488978724
1227,38.10690567475881
1228,37.94019781869425
1229,40.74930575872857
1230,45.8542248280608
1231,45.54671982676728
1232,23.823288125495356
1233,23.823288125495356
1234,21.684196905871623
1235,45.8542248280608
1236,23.635542322681786
1237,23.823288125495356
1238,21.684196905871623
1239,19.81795705660515
1240,27.565520879704053
1241,41.10785883413851
1242,37.8573393395079
1243,40.6412604122726
1244,45.8542248280608
1245,45.54671982676728
1246,23.16842594506206
1247,26.887497504896785
1248,26.36126270568684
1249,19.81795705660515
1250,41.10785883413851
1251,45.8542248280608
1252,45.8542248280608
1253,45.54671982676728
1254,26.887497504896785
1255,21.97760109087608
1256,21.97760109087608
1257,37.8573393395079
1258,45.8542248280608
1259,45.54671982676728
1260,45.34129717863154
1261,43.87400916575793
1262,31.298932463873285
1263,26.887497504896785
1264,22.629775467030946
1265,22.629775467030946
1266,21.97760109087608
1267,21.97760109087608
1268,27.565520879704053
1269,45.8542248280608
1270,45.8542248280608
1271,45.8542248280608
1272,43.87400916575793
1273,22.442029664217376
1274,23.16842594506206
1275,22.629775467030946
1276,21.97760109087608
1277,19.81795705660515
1278,27.565520879704053
1279,37.84042153734346
1280,40.99130282168607
1281,40.52470439982016
1282,45.8542248280608
1283,45.34129717863154
1284,43.87400916575793
1285,24.420720535833258
1286,28.139792095667982
1287,23.882070057802142
1288,23.882070057802142
1289,17.74467488978724
1290,40.52470439982016
1291,45.8542248280608
1292,45.34129717863154
1293,23.694324254988572
1294,23.882070057802142
1295,21.97760109087608
1296,19.81795705660515
1297,17.74467488978724
1298,37.84042153734346
1299,45.8542248280608
1300,45.34129717863154
1301,43.87400916575793
1302,27.73232242920057
1303,19.81795705660515
1304,27.565520879704053
1305,45.8542248280608
1306,45.8542248280608
1307,45.54671982676728
1308,45.34129717863154
1309,31.344093454560753
1310,22.487190654904843
1311,26.52518882911684
1312,22.674936457718413
1313,21.97760109087608
1314,17.74467488978724
1315,27.87982702795728
1316,37.84042153734346
1317,37.74078332705546
1318,40.52470439982016
1319,45.8542248280608
1320,45.54671982676728
1321,43.87400916575793
1322,23.21358693574953
1323,21.97760109087608
1324,21.97760109087608
1325,27.87982702795728
1326,45.8542248280608
1327,27.051423628326784
1328,22.674936457718413
1329,21.97760109087608
1330,21.97760109087608
1331,19.81795705660515
1332,27.87982702795728
1333,37.84042153734346
1334,37.74078332705546
1335,45.8542248280608
1336,45.34129717863154
1337,43.87400916575793
1338,23.21358693574953
1339,22.674936457718413
1340,21.97760109087608
1341,21.983208218809178
1342,45.8542248280608
1343,45.34129717863154
1344,31.344093454560753
1345,22.487190654904843
1346,27.051423628326784
1347,21.983208218809178
1348,19.81795705660515
1349,37.84042153734346
1350,40.99130282168607
1351,27.830543222266584
1352,27.30430842305664
1353,21.963427707151553
1354,21.96903483508465
1355,17.730501506062712
1356,27.86565364423275
1357,40.99130282168607
1358,45.8542248280608
1359,32.13738643222508
1360,27.830543222266584
1361,27.30430842305664
1362,23.454056051658213
1363,21.963427707151553
1364,21.96903483508465
1365,19.80378367288062
1366,17.730501506062712
1367,37.84042153734346
1368,45.8542248280608
1369,33.04705663439381
1370,27.830543222266584
1371,22.354022015493623
1372,17.730501506062712
1373,37.74078332705546
1374,45.8542248280608
1375,45.8542248280608
1376,45.8542248280608
1377,33.04705663439381
1378,24.758506539806827
1379,37.74078332705546
1380,40.52470439982016
1381,45.54671982676728
1382,23.530185071194726
1383,19.37852180768261
1384,37.84042153734346
1385,40.99130282168607
1386,40.52470439982016
1387,45.8542248280608
1388,45.8542248280608
1389,43.87400916575793
1390,26.37253985031234
1391,27.315260387531435
1392,30.186546614735295
1393,28.851104817756177
1394,28.851104817756177
1395,25.394141949181527
1396,40.57814664301898
1397,45.8542248280608
1398,45.8542248280608
1399,45.54671982676728
1400,26.852389984489946
1401,27.67070290880116
1402,45.8542248280608
1403,45.34129717863154
1404,43.87400916575793
1405,33.52903937306729
1406,25.22071283063461
1407,28.539451683950453
1408,27.688995469030235
1409,27.688995469030235
1410,28.989914868294765
1411,37.94288384107454
1412,45.8542248280608
1413,45.8542248280608
1414,20.48752933379727
1415,28.717016479503382
1416,37.94288384107454
1417,45.8542248280608
1418,45.54671982676728
1419,45.34129717863154
1420,21.85020286463864
1421,26.540208873796793
1422,26.29577600447579
1423,24.21083186520678
1424,23.346798540727814
1425,20.223765003227793
1426,18.55822925160888
1427,26.78771639731499
1428,37.62188047295957
1429,45.8542248280608
1430,45.8542248280608
1431,45.54671982676728
1432,45.34129717863154
1433,43.87400916575793
1434,25.84692670335064
1435,22.443418269581837
1436,22.443418269581837
1437,22.09023666142898
1438,19.924920363479576
1439,27.446779916168673
1440,37.94288384107454
1441,40.57814664301898
1442,45.8542248280608
1443,45.54671982676728
1444,43.87400916575793
1445,31.02029774516073
1446,22.090171525683605
1447,40.57814664301898
1448,45.34129717863154
1449,43.87400916575793
1450,31.02029774516073
1451,21.371353689277758
1452,22.026477338917207
1453,22.238675378713534
1454,17.62593392625186
1455,37.62188047295957
1456,40.45464792673355
1457,45.8542248280608
1458,45.54671982676728
1459,43.87400916575793
1460,25.96566766688602
1461,22.562159233117217
1462,20.19210004429951
1463,40.45464792673355
1464,45.8542248280608
1465,45.8542248280608
1466,45.8542248280608
1467,43.87400916575793
1468,31.78191583911675
1469,23.26317703756534
1470,22.357416342248914
1471,22.357416342248914
1472,45.8542248280608
1473,45.54671982676728
1474,22.608053387925892
1475,23.857195069130725
1476,22.534493443149668
1477,17.74467488978724
1478,37.94288384107454
1479,37.4458345597849
1480,45.8542248280608
1481,45.54671982676728
1482,45.34129717863154
1483,31.268095352406625
1484,26.461234618712584
1485,25.93499981950264
1486,22.99481545059943
1487,21.98327335455455
1488,19.81795705660515
1489,17.74467488978724
1490,27.565520879704053
1491,37.94288384107454
1492,45.8542248280608
1493,45.54671982676728
1494,45.34129717863154
1495,43.87400916575793
1496,21.940804338890537
1497,21.684196905871623
1498,21.983208218809178
1499,17.74467488978724
1500,27.565520879704053
1501,37.25947013815058
1502,40.313471380996994
1503,45.8542248280608
1504,45.34129717863154
1505,43.87400916575793
1506,21.040221789506877
1507,21.766618070351562
1508,21.940804338890537
1509,21.684196905871623
1510,21.983208218809178
1511,19.81795705660515
1512,17.74467488978724
1513,36.95863059652684
1514,40.01263183937325
1515,36.76211234474264
1516,43.87400916575793
1517,24.880988707793747
1518,17.74467488978724
1519,36.95863059652684
1520,39.54603341750734
1521,45.34129717863154
1522,43.87400916575793
1523,23.262328886965733
1524,27.103095805252604
1525,24.162911436349393
1526,21.97760109087608
1527,19.81795705660515
1528,36.95863059652684
1529,36.76211234474264
1530,45.8542248280608
1531,45.8542248280608
1532,21.983208218809178
1533,19.81795705660515
1534,27.565520879704053
1535,36.95863059652684
1536,40.01263183937325
1537,45.8542248280608
1538,45.8542248280608
1539,45.8542248280608
1540,45.54671982676728
1541,43.87400916575793
1542,23.262328886965733
1543,24.162911436349393
1544,24.162911436349393
1545,21.97760109087608
1546,21.983208218809178
1547,36.842074584074396
1548,45.8542248280608
1549,45.8542248280608
1550,45.8542248280608
1551,43.87400916575793
1552,30.244678761089762
1553,24.515706133150633
1554,21.575521764247423
1555,21.97760109087608
1556,17.74467488978724
1557,27.565520879704053
1558,36.842074584074396
1559,45.8542248280608
1560,45.8542248280608
1561,45.54671982676728
1562,45.34129717863154
1563,20.674939214863763
1564,25.04194093236058
1565,19.81795705660515
1566,17.74467488978724
1567,27.565520879704053
1568,39.89607582692081
1569,45.8542248280608
1570,25.16070606510311
1571,24.634471265893165
1572,21.575521764247423
1573,21.983208218809178
1574,17.74467488978724
1575,27.565520879704053
1576,39.89607582692081
1577,39.4294774050549
1578,45.8542248280608
1579,45.8542248280608
1580,45.34129717863154
1581,43.87400916575793
1582,30.244678761089762
1583,25.16070606510311
1584,21.97760109087608
1585,17.74467488978724
1586,36.842074584074396
1587,39.89607582692081
1588,36.6455563322902
1589,39.4294774050549
1590,45.8542248280608
1591,45.54671982676728
1592,45.34129717863154
1593,30.244678761089762
1594,20.674939214863763
1595,24.717931262509182
1596,21.97760109087608
1597,27.87982702795728
1598,36.842074584074396
1599,36.6455563322902
1600,45.8542248280608
1601,45.8542248280608
1602,45.34129717863154
1603,43.87400916575793
1604,22.19988839216698
1605,23.10047094155064
1606,21.97760109087608
1607,21.97760109087608
1608,36.6455563322902
1609,45.8542248280608
1610,45.8542248280608
1611,45.8542248280608
1612,45.34129717863154
1613,22.926284673011665
1614,21.97760109087608
1615,21.97760109087608
1616,21.983208218809178
1617,36.842074584074396
1618,39.4294774050549
1619,45.8542248280608
1620,45.8542248280608
1621,45.8542248280608
1622,45.8542248280608
1623,45.34129717863154
1624,43.87400916575793
1625,31.76962793839298
1626,22.926284673011665
1627,27.284758918751148
1628,26.758524119541203
1629,21.97760109087608
1630,17.74467488978724
1631,45.8542248280608
1632,45.8542248280608
1633,45.8542248280608
1634,45.8542248280608
1635,45.34129717863154
1636,43.87400916575793
1637,21.33011631207409
1638,25.843868284713704
1639,25.31763348550376
1640,21.659580307513195
1641,17.730501506062712
1642,27.86565364423275
1643,36.842074584074396
1644,39.4294774050549
1645,45.8542248280608
1646,45.8542248280608
1647,45.34129717863154
1648,25.843868284713704
1649,21.659580307513195
1650,21.659580307513195
1651,21.963427707151553
1652,17.730501506062712
1653,27.86565364423275
1654,36.842074584074396
1655,36.6455563322902
1656,45.8542248280608
1657,43.87400916575793
1658,22.433269399743637
1659,25.843868284713704
1660,25.31763348550376
1661,22.050174615855266
1662,22.354022015493623
1663,22.354022015493623
1664,22.35962914342672
1665,36.6455563322902
1666,43.87400916575793
1667,31.2525808902488
1668,22.119338413970972
1669,23.108721442746553
1670,26.80616651059028
1671,22.77209443849874
1672,39.89607582692081
1673,36.6455563322902
1674,39.4294774050549
1675,45.8542248280608
1676,45.54671982676728
1677,45.34129717863154
1678,31.554786280135396
1679,29.324565801823557
1680,37.94288384107454
1681,45.8542248280608
1682,45.8542248280608
1683,45.54671982676728
1684,35.070209310579614
1685,26.669110294365638
1686,30.060841293515725
1687,27.555900859164602
1688,27.555900859164602
1689,28.955885466149702
1690,26.504377926824134
1691,28.64477131017309
1692,40.57814664301898
1693,37.62188047295957
1694,45.8542248280608
1695,45.34129717863154
1696,43.87400916575793
1697,23.690713365457878
1698,25.323025451084582
1699,27.239686143870067
1700,40.45464792673355
1701,45.34129717863154
1702,33.162658591908865
1703,22.917321705014817
1704,24.029102748296495
1705,25.93578803702358
1706,25.214575168775134
1707,19.45654832596321
1708,26.848426080155278
1709,37.62188047295957
1710,40.45464792673355
1711,45.8542248280608
1712,45.8542248280608
1713,43.87400916575793
1714,25.92952378736718
1715,24.354763648764983
1716,23.46047023567418
1717,20.337371562428785
1718,40.57814664301898
1719,40.45464792673355
1720,45.8542248280608
1721,45.54671982676728
1722,43.87400916575793
1723,32.94049486780387
1724,26.252079822203374
1725,25.72584502299343
1726,37.94288384107454
1727,40.57814664301898
1728,45.54671982676728
1729,32.94049486780387
1730,25.72584502299343
1731,22.99250317199277
1732,37.94288384107454
1733,45.8542248280608
1734,45.54671982676728
1735,45.34129717863154
1736,32.94049486780387
1737,22.43163045776994
1738,25.72584502299343
1739,21.8495000036234
1740,22.352216802169153
1741,20.186965639965123
1742,17.62593392625186
1743,37.94288384107454
1744,40.57814664301898
1745,40.45464792673355
1746,22.55037142130532
1747,23.11124413552815
1748,26.727911488190006
1749,37.94288384107454
1750,37.4458345597849
1751,45.8542248280608
1752,45.8542248280608
1753,22.55037142130532
1754,26.370820785738754
1755,23.11124413552815
1756,21.96824096715878
1757,37.94288384107454
1758,45.8542248280608
1759,45.8542248280608
1760,45.8542248280608
1761,45.54671982676728
1762,43.87400916575793
1763,22.55037142130532
1764,22.145318068059535
1765,22.648034866605286
1766,26.727911488190006
1767,45.8542248280608
1768,45.8542248280608
1769,45.34129717863154
1770,26.262249489162688
1771,22.93976210460773
1772,19.93156361580614
1773,45.8542248280608
1774,45.8542248280608
1775,45.8542248280608
1776,45.54671982676728
1777,45.34129717863154
1778,21.895247771665872
1779,22.93976210460773
1780,22.93976210460773
1781,21.29502153078149
1782,26.727911488190006
1783,37.25947013815058
1784,40.313471380996994
1785,45.8542248280608
1786,32.903350491505556
1787,26.262249489162688
1788,22.93976210460773
1789,22.93976210460773
1790,21.29502153078149
1791,22.09681477801017
1792,19.93156361580614
1793,17.74467488978724
1794,36.95863059652684
1795,40.01263183937325
1796,39.54603341750734
1797,45.8542248280608
1798,45.8542248280608
1799,45.54671982676728
1800,43.87400916575793
1801,32.903350491505556
1802,21.895247771665872
1803,22.93976210460773
1804,22.09681477801017
1805,19.93156361580614
1806,17.74467488978724
1807,26.727911488190006
1808,36.95863059652684
1809,45.8542248280608
1810,45.8542248280608
1811,45.8542248280608
1812,45.54671982676728
1813,43.87400916575793
1814,21.895247771665872
1815,22.93976210460773
1816,22.091207650077074
1817,19.93156361580614
1818,26.727911488190006
1819,36.76211234474264
1820,39.54603341750734
1821,45.8542248280608
1822,45.34129717863154
1823,21.895247771665872
1824,22.621644052510558
1825,26.262249489162688
1826,22.93976210460773
1827,22.09681477801017
1828,26.727911488190006
1829,40.01263183937325
1830,36.76211234474264
1831,45.8542248280608
1832,45.54671982676728
1833,43.87400916575793
1834,32.903350491505556
1835,22.621644052510558
1836,26.262249489162688
1837,25.736014689952743
1838,22.93976210460773
1839,22.04075046664782
1840,22.091207650077074
1841,36.842074584074396
1842,36.6455563322902
1843,43.87400916575793
1844,25.736014689952743
1845,22.93976210460773
1846,22.93976210460773
1847,17.74467488978724
1848,39.4294774050549
1849,45.8542248280608
1850,45.54671982676728
1851,43.87400916575793
1852,26.262249489162688
1853,25.736014689952743
1854,22.93976210460773
1855,22.091207650077074
1856,22.09681477801017
1857,36.842074584074396
1858,36.6455563322902
1859,45.8542248280608
1860,43.87400916575793
1861,22.621644052510558
1862,26.38101462190522
1863,22.93976210460773
1864,22.04075046664782
1865,45.8542248280608
1866,45.54671982676728
1867,43.87400916575793
1868,32.903350491505556
1869,21.895247771665872
1870,21.971609780568752
1871,21.97721690850185
1872,27.58462755631427
1873,36.6455563322902
1874,45.8542248280608
1875,45.8542248280608
1876,45.54671982676728
1877,43.87400916575793
1878,25.938239819311292
1879,21.971609780568752
1880,17.74467488978724
1881,45.8542248280608
1882,45.8542248280608
1883,45.8542248280608
1884,45.54671982676728
1885,22.621644052510558
1886,26.016680718534854
1887,22.93976210460773
1888,22.04075046664782
1889,21.97721690850185
1890,45.8542248280608
1891,22.621644052510558
1892,26.98011829825004
1893,26.453883499040096
1894,22.04075046664782
1895,17.74467488978724
1896,45.8542248280608
1897,45.8542248280608
1898,22.93976210460773
1899,22.04075046664782
1900,17.74467488978724
1901,27.58462755631427
1902,36.842074584074396
1903,45.8542248280608
1904,43.87400916575793
1905,22.452192941885897
1906,22.9255887208832
1907,21.957436396844223
1908,21.96304352477732
1909,19.79779236257329
1910,27.57045417258974
1911,45.8542248280608
1912,45.34129717863154
1913,21.725796661041212
1914,22.452192941885897
1915,26.96594491452551
1916,21.957436396844223
1917,17.730501506062712
1918,27.57045417258974
1919,36.842074584074396
1920,39.89607582692081
1921,45.8542248280608
1922,22.82894974871076
1923,26.439710115315567
1924,23.31618302922527
1925,20.18838667091536
1926,27.57045417258974
1927,36.842074584074396
1928,39.4294774050549
1929,45.8542248280608
1930,33.02705687718431
1931,24.305956573452843
1932,25.294580738701878
1933,23.894178216007443
1934,23.825037529928377
1935,23.830644657861473
1936,39.89607582692081
1937,36.6455563322902
1938,39.4294774050549
1939,45.8542248280608
1940,45.34129717863154
1941,43.87400916575793
1942,33.02705687718431
1943,22.441155444520597
1944,27.127983541139905
1945,26.840152878733587
1946,21.60131521772528
1947,27.074433225746766
1948,39.89607582692081
1949,39.4294774050549
1950,45.8542248280608
1951,45.34129717863154
1952,43.87400916575793
1953,35.070209310579614
1954,25.14876355146916
1955,24.14870856434393
1956,23.08820961592642
1957,22.997174301410666
1958,20.601861651692307
1959,37.24989735666618
1960,45.8542248280608
1961,45.8542248280608
1962,45.8542248280608
1963,45.8542248280608
1964,43.87400916575793
1965,26.88953526173026
1966,22.562076520036893
1967,40.57814664301898
1968,40.45464792673355
1969,45.8542248280608
1970,43.87400916575793
1971,23.639609319798865
1972,24.700910257490797
1973,24.700910257490797
1974,24.56354100930729
1975,19.416605950099413
1976,26.262122679696073
1977,40.45464792673355
1978,45.8542248280608
1979,45.8542248280608
1980,45.8542248280608
1981,43.87400916575793
1982,33.162658591908865
1983,22.732528765825656
1984,25.77968149616961
1985,24.594040065326986
1986,24.594040065326986
1987,22.348483813556026
1988,40.45464792673355
1989,45.8542248280608
1990,45.8542248280608
1991,45.54671982676728
1992,45.34129717863154
1993,21.598447271115337
1994,22.563728999803807
1995,26.40347743396491
1996,24.996297093338057
1997,24.996297093338057
1998,45.8542248280608
1999,32.94049486780387
2000,22.99250317199277
2001,22.99250317199277
2002,22.569629933333577
2003,20.404313635384174
2004,25.934761674593197
2005,40.57814664301898
2006,40.45464792673355
2007,45.8542248280608
2008,21.178382352635676
2009,22.143664081324147
2010,25.48627253442599
2011,21.701061286338845
2012,17.62593392625186
2013,22.43163045776994
2014,25.48627253442599
2015,22.99250317199277
2016,22.718068650618132
2017,20.55275235266873
2018,37.94288384107454
2019,37.24989735666618
2020,40.45464792673355
2021,45.8542248280608
2022,45.8542248280608
2023,45.54671982676728
2024,25.60501349796137
2025,23.11124413552815
2026,23.11124413552815
2027,22.83674447840814
2028,20.67149331620411
2029,40.57814664301898
2030,37.07385144349151
2031,40.45464792673355
2032,45.54671982676728
2033,43.87400916575793
2034,25.60501349796137
2035,23.11124413552815
2036,21.96824096715878
2037,22.836809614153513
2038,17.74467488978724
2039,45.8542248280608
2040,45.8542248280608
2041,45.8542248280608
2042,21.895247771665872
2043,25.60501349796137
2044,23.288321236428903
2045,22.145318068059535
2046,37.94288384107454
2047,40.57814664301898
2048,37.07385144349151
2049,22.441800124729255
2050,22.46266662645915
2051,26.053502638128577
2052,40.57814664301898
2053,45.8542248280608
2054,45.54671982676728
2055,43.87400916575793
2056,22.441800124729255
2057,25.496442201385303
2058,22.93976210460773
2059,21.29502153078149
2060,22.16359017777622
2061,20.297350328509747
2062,17.74467488978724
2063,45.8542248280608
2064,45.8542248280608
2065,45.34129717863154
2066,22.621644052510558
2067,25.496442201385303
2068,21.29502153078149
2069,22.462601490713777
2070,17.74467488978724
2071,36.95863059652684
2072,36.390129228449254
2073,39.54603341750734
2074,45.8542248280608
2075,32.903350491505556
2076,21.895247771665872
2077,22.93976210460773
2078,22.492542954012073
2079,22.908786850144935
2080,26.053502638128577
2081,36.95863059652684
2082,45.8542248280608
2083,45.34129717863154
2084,43.87400916575793
2085,21.895247771665872
2086,25.556705221490013
2087,22.93976210460773
2088,22.45699436278068
2089,40.01263183937325
2090,39.54603341750734
2091,45.8542248280608
2092,45.8542248280608
2093,45.8542248280608
2094,43.87400916575793
2095,22.621644052510558
2096,25.496442201385303
2097,22.93976210460773
2098,22.04075046664782
2099,22.462601490713777
2100,20.297350328509747
2101,39.54603341750734
2102,45.8542248280608
2103,45.8542248280608
2104,45.34129717863154
2105,43.87400916575793
2106,21.895247771665872
2107,22.621644052510558
2108,25.556705221490013
2109,25.496442201385303
2110,22.93976210460773
2111,22.462601490713777
2112,20.297350328509747
2113,36.11793542556972
2114,45.8542248280608
2115,45.8542248280608
2116,45.34129717863154
2117,32.903350491505556
2118,21.895247771665872
2119,22.93976210460773
2120,22.04075046664782
2121,22.45699436278068
2122,26.289934566708798
2123,36.26469385037015
2124,39.740438036493714
2125,36.11793542556972
2126,45.8542248280608
2127,45.8542248280608
2128,45.54671982676728
2129,45.34129717863154
2130,43.87400916575793
2131,22.621644052510558
2132,25.556705221490013
2133,22.93976210460773
2134,22.04075046664782
2135,22.45699436278068
2136,22.462601490713777
2137,17.74467488978724
2138,45.8542248280608
2139,45.8542248280608
2140,22.93976210460773
2141,22.04075046664782
2142,39.2738396146278
2143,45.8542248280608
2144,45.8542248280608
2145,43.87400916575793
2146,21.895247771665872
2147,25.615207334127835
2148,22.93976210460773
2149,22.04075046664782
2150,27.146650634833065
2151,36.11793542556972
2152,39.2738396146278
2153,45.8542248280608
2154,45.8542248280608
2155,45.34129717863154
2156,21.895247771665872
2157,22.621644052510558
2158,25.698667330743852
2159,22.04075046664782
2160,21.97721690850185
2161,17.74467488978724
2162,36.26469385037015
2163,39.2738396146278
2164,45.34129717863154
2165,32.903350491505556
2166,21.895247771665872
2167,22.621644052510558
2168,25.837371250072124
2169,25.777108229967414
2170,22.93976210460773
2171,21.971609780568752
2172,21.97721690850185
2173,17.74467488978724
2174,39.740438036493714
2175,36.11793542556972
2176,39.2738396146278
2177,45.8542248280608
2178,45.8542248280608
2179,45.8542248280608
2180,22.93976210460773
2181,22.93976210460773
2182,21.971609780568752
2183,19.81196574629782
2184,17.74467488978724
2185,27.146650634833065
2186,39.740438036493714
2187,39.2738396146278
2188,45.8542248280608
2189,45.8542248280608
2190,45.8542248280608
2191,45.54671982676728
2192,45.34129717863154
2193,43.87400916575793
2194,32.903350491505556
2195,21.895247771665872
2196,22.621644052510558
2197,26.214311010472656
2198,22.93976210460773
2199,22.04075046664782
2200,21.971609780568752
2201,39.2738396146278
2202,45.8542248280608
2203,45.54671982676728
2204,45.34129717863154
2205,21.725796661041212
2206,21.957436396844223
2207,17.730501506062712
2208,36.11793542556972
2209,39.2738396146278
2210,45.34129717863154
2211,43.87400916575793
2212,26.200137626748127
2213,22.9255887208832
2214,22.9255887208832
2215,21.957436396844223
2216,17.730501506062712
2217,27.132477251108536
2218,39.740438036493714
2219,45.8542248280608
2220,45.8542248280608
2221,45.54671982676728
2222,45.34129717863154
2223,43.87400916575793
2224,22.82894974871076
2225,23.555346029555444
2226,22.927615376933378
2227,22.927615376933378
2228,19.799819018623467
2229,17.730501506062712
2230,27.132477251108536
2231,39.740438036493714
2232,45.8542248280608
2233,45.8542248280608
2234,45.8542248280608
2235,45.54671982676728
2236,43.87400916575793
2237,24.305956573452843
2238,25.295339602228424
2239,28.465381519098393
2240,21.27682584336555
2241,28.501257433197807
2242,36.26469385037015
2243,45.8542248280608
2244,45.8542248280608
2245,45.8542248280608
2246,45.8542248280608
2247,45.54671982676728
2248,43.87400916575793
2249,33.02705687718431
2250,22.441155444520597
2251,26.42243927346723
2252,26.600580390166147
2253,23.04121195747774
2254,21.571668748704237
2255,21.577275876637334
2256,17.56725202888017
2257,26.63645630426556
2258,36.11793542556972
2259,39.2738396146278
2260,45.8542248280608
2261,45.8542248280608
2262,45.34129717863154
2263,25.07376832665367
2264,22.534061337724793
2265,21.055449584545432
2266,40.326166635018545
2267,45.8542248280608
2268,43.87400916575793
2269,28.119916449827652
2270,25.608970833027723
2271,22.534061337724793
2272,22.534061337724793
2273,21.055449584545432
2274,26.660925121150353
2275,37.814402549359535
2276,40.44966535130398
2277,37.12141606495118
2278,45.8542248280608
2279,45.8542248280608
2280,45.8542248280608
2281,45.54671982676728
2282,32.70605645665516
2283,26.614537127839736
2284,25.428895696997113
2285,24.033130078404113
2286,24.033130078404113
2287,24.033130078404113
2288,18.836138174047093
2289,37.12141606495118
2290,45.34129717863154
2291,31.93516953639347
2292,22.732528765825656
2293,22.759347467191994
2294,24.594040065326986
2295,22.78891994041687
2296,22.788854804671498
2297,40.44966535130398
2298,37.12141606495118
2299,45.8542248280608
2300,45.8542248280608
2301,26.18193852418068
2302,24.996297093338057
2303,22.70949410046867
2304,22.70949410046867
2305,19.553175200312047
2306,18.190389245546168
2307,37.12141606495118
2308,40.326166635018545
2309,45.8542248280608
2310,45.8542248280608
2311,45.8542248280608
2312,45.54671982676728
2313,43.87400916575793
2314,30.078936877052325
2315,45.8542248280608
2316,45.8542248280608
2317,45.34129717863154
2318,30.078936877052325
2319,22.143664081324147
2320,25.5465355545307
2321,25.48627253442599
2322,22.99250317199277
2323,18.513783401403195
2324,25.934761674593197
2325,40.326166635018545
2326,45.8542248280608
2327,45.8542248280608
2328,45.54671982676728
2329,45.34129717863154
2330,43.87400916575793
2331,29.145489450564906
2332,21.776506808130492
2333,25.5465355545307
2334,22.99250317199277
2335,22.123179179380934
2336,16.886770673528247
2337,37.814402549359535
2338,37.12141606495118
2339,40.326166635018545
2340,45.54671982676728
2341,22.55037142130532
2342,25.60501349796137
2343,23.11124413552815
2344,22.241985278661687
2345,40.326166635018545
2346,45.8542248280608
2347,45.8542248280608
2348,21.895247771665872
2349,25.66527651806608
2350,23.11124413552815
2351,22.241920142916314
2352,26.053502638128577
2353,36.94537015177651
2354,45.8542248280608
2355,45.8542248280608
2356,45.8542248280608
2357,43.87400916575793
2358,22.55037142130532
2359,25.60501349796137
2360,23.288321236428903
2361,22.41906237956244
2362,22.41906237956244
2363,19.514582828889424
2364,17.005511637063627
2365,37.814402549359535
2366,45.8542248280608
2367,45.8542248280608
2368,45.54671982676728
2369,43.87400916575793
2370,29.145489450564906
2371,21.867842290967324
2372,37.814402549359535
2373,40.12646120810421
2374,45.8542248280608
2375,45.54671982676728
2376,21.895247771665872
2377,25.556705221490013
2378,22.93976210460773
2379,21.568765842284396
2380,17.005511637063627
2381,37.13098884643558
2382,39.71839166741608
2383,45.8542248280608
2384,45.54671982676728
2385,43.87400916575793
2386,21.895247771665872
2387,25.496442201385303
2388,26.053502638128577
2389,36.83014930481183
2390,45.8542248280608
2391,45.8542248280608
2392,45.54671982676728
2393,21.895247771665872
2394,25.556705221490013
2395,22.93976210460773
2396,22.31396251465311
2397,17.005511637063627
2398,45.8542248280608
2399,45.8542248280608
2400,45.54671982676728
2401,25.556705221490013
2402,22.93976210460773
2403,22.93976210460773
2404,21.862170027288855
2405,17.005511637063627
2406,26.053502638128577
2407,36.83014930481183
2408,36.26164793673425
2409,45.8542248280608
2410,45.34129717863154
2411,29.145489450564906
2412,22.621644052510558
2413,25.556705221490013
2414,21.862170027288855
2415,21.862170027288855
2416,17.005511637063627
2417,36.26164793673425
2418,45.8542248280608
2419,45.54671982676728
2420,25.496442201385303
2421,26.289934566708798
2422,45.8542248280608
2423,45.34129717863154
2424,21.895247771665872
2425,22.621644052510558
2426,22.93976210460773
2427,22.93976210460773
2428,21.862170027288855
2429,21.862170027288855
2430,18.963362740294308
2431,17.005511637063627
2432,39.740438036493714
2433,45.8542248280608
2434,45.54671982676728
2435,29.145489450564906
2436,22.621644052510558
2437,25.556705221490013
2438,25.496442201385303
2439,21.862170027288855
2440,21.86777715522195
2441,39.740438036493714
2442,45.8542248280608
2443,45.8542248280608
2444,45.34129717863154
2445,43.87400916575793
2446,22.621644052510558
2447,25.675470354232544
2448,25.615207334127835
2449,21.862170027288855
2450,21.86777715522195
2451,26.83234448657984
2452,45.54671982676728
2453,29.145489450564906
2454,21.895247771665872
2455,25.615207334127835
2456,17.005511637063627
2457,39.740438036493714
2458,36.11793542556972
2459,45.54671982676728
2460,43.87400916575793
2461,25.758930350848562
2462,22.93976210460773
2463,22.93976210460773
2464,19.04432566672206
2465,17.005511637063627
2466,27.146650634833065
2467,36.26469385037015
2468,39.2738396146278
2469,45.8542248280608
2470,45.8542248280608
2471,45.54671982676728
2472,45.34129717863154
2473,30.531057175888293
2474,21.895247771665872
2475,22.621644052510558
2476,25.837371250072124
2477,21.943132953716606
2478,21.943132953716606
2479,19.04432566672206
2480,17.005511637063627
2481,39.740438036493714
2482,39.2738396146278
2483,45.8542248280608
2484,45.8542248280608
2485,45.54671982676728
2486,45.34129717863154
2487,21.895247771665872
2488,22.621644052510558
2489,25.763004603866346
2490,22.93976210460773
2491,21.943132953716606
2492,21.943132953716606
2493,19.04432566672206
2494,39.740438036493714
2495,36.11793542556972
2496,45.8542248280608
2497,45.8542248280608
2498,45.8542248280608
2499,45.34129717863154
2500,43.87400916575793
2501,25.763004603866346
2502,21.943132953716606
2503,21.943132953716606
2504,17.005511637063627
2505,27.146650634833065
2506,39.2738396146278
2507,45.8542248280608
2508,45.8542248280608
2509,45.54671982676728
2510,43.87400916575793
2511,21.257231047774752
2512,25.340528626980067
2513,22.45702310761674
2514,21.460393956725618
2515,21.460393956725618
2516,21.466001084658714
2517,36.26469385037015
2518,36.11793542556972
2519,21.983627328619438
2520,25.340528626980067
2521,22.45702310761674
2522,21.460393956725618
2523,18.56158666973107
2524,16.52277264007264
2525,26.663911637842077
2526,36.26469385037015
2527,39.740438036493714
2528,45.8542248280608
2529,45.8542248280608
2530,45.54671982676728
2531,23.086780416288985
2532,25.340528626980067
2533,22.45904976366692
2534,16.52277264007264
2535,36.11793542556972
2536,45.8542248280608
2537,45.8542248280608
2538,45.54671982676728
2539,30.796519821522654
2540,25.295339602228424
2541,24.906013086409985
2542,23.407993050784338
2543,36.26469385037015
2544,45.8542248280608
2545,45.8542248280608
2546,45.8542248280608
2547,45.34129717863154
2548,34.821913202987034
2549,26.533583821434643
2550,23.688555406718113
2551,23.688555406718113
2552,21.22648746175031
2553,27.245592507210283
2554,40.44966535130398
2555,40.326166635018545
2556,45.8542248280608
2557,45.8542248280608
2558,45.8542248280608
2559,45.54671982676728
2560,43.87400916575793
2561,34.821913202987034
2562,25.001619804245163
2563,26.306996217158044
2564,28.704583835887583
2565,23.688555406718113
2566,23.688555406718113
2567,37.12141606495118
2568,45.8542248280608
2569,43.87400916575793
2570,24.36759475930518
2571,26.836076037623965
2572,25.525938590083456
2573,24.130172971490456
2574,20.904773119739716
2575,45.8542248280608
2576,31.93516953639347
2577,22.732528765825656
2578,18.628326576319502
2579,40.44966535130398
2580,40.326166635018545
2581,45.8542248280608
2582,45.8542248280608
2583,45.54671982676728
2584,45.34129717863154
2585,43.87400916575793
2586,22.563728999803807
2587,26.18193852418068
2588,25.0933399864244
2589,25.0933399864244
2590,22.806536993555014
2591,40.44966535130398
2592,37.12141606495118
2593,45.8542248280608
2594,45.34129717863154
2595,43.87400916575793
2596,22.143664081324147
2597,25.5465355545307
2598,25.48627253442599
2599,22.99250317199277
2600,22.99250317199277
2601,21.41819781633084
2602,16.886770673528247
2603,40.44966535130398
2604,45.8542248280608
2605,45.34129717863154
2606,43.87400916575793
2607,21.178382352635676
2608,25.5465355545307
2609,22.99250317199277
2610,21.418262952076212
2611,21.418262952076212
2612,18.002564286265702
2613,37.814402549359535
2614,37.12141606495118
2615,40.326166635018545
2616,45.8542248280608
2617,43.87400916575793
2618,29.145489450564906
2619,21.776506808130492
2620,22.43163045776994
2621,25.5465355545307
2622,22.99250317199277
2623,22.123244315126307
2624,22.123244315126307
2625,22.123179179380934
2626,37.814402549359535
2627,45.8542248280608
2628,45.8542248280608
2629,45.34129717863154
2630,29.145489450564906
2631,25.66527651806608
2632,22.241985278661687
2633,22.241985278661687
2634,22.241920142916314
2635,37.814402549359535
2636,40.44966535130398
2637,36.94537015177651
2638,40.326166635018545
2639,45.8542248280608
2640,45.8542248280608
2641,45.54671982676728
2642,29.145489450564906
2643,22.55037142130532
2644,23.11124413552815
2645,22.241985278661687
2646,22.241985278661687
2647,22.241920142916314
2648,17.005511637063627
2649,40.12646120810421
2650,45.8542248280608
2651,45.8542248280608
2652,45.8542248280608
2653,45.54671982676728
2654,29.145489450564906
2655,22.55037142130532
2656,22.41906237956244
2657,22.418997243817067
2658,26.053502638128577
2659,40.44966535130398
2660,36.94537015177651
2661,45.8542248280608
2662,45.8542248280608
2663,45.54671982676728
2664,45.34129717863154
2665,29.145489450564906
2666,21.895247771665872
2667,25.496442201385303
2668,22.93976210460773
2669,22.93976210460773
2670,26.053502638128577
2671,40.44966535130398
2672,36.94537015177651
2673,22.93976210460773
2674,21.568765842284396
2675,21.86777715522195
2676,26.053502638128577
2677,36.8804976586494
2678,39.91819443631096
2679,45.8542248280608
2680,45.34129717863154
2681,43.87400916575793
2682,29.145489450564906
2683,25.496442201385303
2684,21.568765842284396
2685,21.568765842284396
2686,45.8542248280608
2687,45.8542248280608
2688,45.34129717863154
2689,43.87400916575793
2690,29.145489450564906
2691,21.895247771665872
2692,22.31396251465311
2693,17.005511637063627
2694,37.17735129820114
2695,39.99789115731867
2696,39.53129273545276
2697,45.8542248280608
2698,45.8542248280608
2699,45.34129717863154
2700,21.895247771665872
2701,22.621644052510558
2702,22.93976210460773
2703,22.93976210460773
2704,36.375388546394674
2705,39.53129273545276
2706,45.8542248280608
2707,43.87400916575793
2708,22.621644052510558
2709,25.556705221490013
2710,22.93976210460773
2711,22.93976210460773
2712,21.862170027288855
2713,21.86777715522195
2714,18.452143625156815
2715,39.53129273545276
2716,45.8542248280608
2717,45.54671982676728
2718,29.145489450564906
2719,22.621644052510558
2720,25.556705221490013
2721,21.862170027288855
2722,21.862170027288855
2723,21.86777715522195
2724,18.452143625156815
2725,26.289934566708798
2726,37.57852163447533
2727,45.8542248280608
2728,45.8542248280608
2729,43.87400916575793
2730,25.496442201385303
2731,21.862170027288855
2732,18.452143625156815
2733,26.289934566708798
2734,36.776558882668866
2735,45.8542248280608
2736,45.8542248280608
2737,45.8542248280608
2738,45.8542248280608
2739,45.34129717863154
2740,29.145489450564906
2741,21.895247771665872
2742,22.93976210460773
2743,22.93976210460773
2744,21.862170027288855
2745,18.452143625156815
2746,17.005511637063627
2747,39.93246307172695
2748,45.8542248280608
2749,45.34129717863154
2750,43.87400916575793
2751,29.145489450564906
2752,21.895247771665872
2753,25.675470354232544
2754,22.93976210460773
2755,18.452143625156815
2756,17.005511637063627
2757,45.8542248280608
2758,45.8542248280608
2759,45.54671982676728
2760,25.675470354232544
2761,21.862170027288855
2762,21.86777715522195
2763,18.452143625156815
2764,27.146650634833065
2765,36.776558882668866
2766,39.93246307172695
2767,45.8542248280608
2768,45.8542248280608
2769,45.8542248280608
2770,43.87400916575793
2771,21.895247771665872
2772,25.758930350848562
2773,25.698667330743852
2774,21.943132953716606
2775,27.146650634833065
2776,37.57852163447533
2777,40.39906149359286
2778,39.93246307172695
2779,45.8542248280608
2780,45.8542248280608
2781,45.8542248280608
2782,45.54671982676728
2783,43.87400916575793
2784,30.531057175888293
2785,21.895247771665872
2786,25.837371250072124
2787,22.93976210460773
2788,21.948740081649703
2789,17.005511637063627
2790,27.146650634833065
2791,37.57852163447533
2792,40.39906149359286
2793,36.776558882668866
2794,39.93246307172695
2795,45.8542248280608
2796,45.34129717863154
2797,22.621644052510558
2798,25.823267623971056
2799,25.763004603866346
2800,22.93976210460773
2801,21.943132953716606
2802,21.943132953716606
2803,21.948740081649703
2804,27.146650634833065
2805,36.776558882668866
2806,45.8542248280608
2807,45.8542248280608
2808,45.8542248280608
2809,30.531057175888293
2810,22.621644052510558
2811,25.763004603866346
2812,21.943132953716606
2813,21.948740081649703
2814,27.146650634833065
2815,40.39906149359286
2816,39.93246307172695
2817,43.87400916575793
2818,26.329034577575218
2819,26.268771557470508
2820,22.44889990732077
2821,17.51127859066779
2822,27.652417588437228
2823,40.39906149359286
2824,39.93246307172695
2825,45.8542248280608
2826,45.8542248280608
2827,45.8542248280608
2828,45.54671982676728
2829,30.531057175888293
2830,26.329034577575218
2831,23.445529058211893
2832,22.44889990732077
2833,22.44889990732077
2834,19.03887350518873
2835,17.51127859066779
2836,36.776558882668866
2837,45.8542248280608
2838,45.34129717863154
2839,23.34889008603945
2840,26.329034577575218
2841,26.268771557470508
2842,23.44755571426207
2843,22.450926563370945
2844,22.450926563370945
2845,19.040900161238905
2846,37.57852163447533
2847,39.93246307172695
2848,45.8542248280608
2849,45.8542248280608
2850,45.8542248280608
2851,45.54671982676728
2852,45.34129717863154
2853,43.87400916575793
2854,22.30499806647757
2855,20.806978030851923
2856,40.39906149359286
2857,36.776558882668866
2858,39.93246307172695
2859,45.8542248280608
2860,30.796519821522654
2861,21.704941553520428
2862,22.69432458229601
2863,25.413060092559668
2864,20.806978030851923
2865,16.091874885156386
2866,25.900242413265392
2867,37.57852163447533
2868,40.39906149359286
2869,36.776558882668866
2870,24.85117125751014
2871,22.484607306028582
2872,22.484607306028582
2873,22.484607306028582
2874,20.02253936106078
2875,37.12141606495118
2876,45.8542248280608
2877,45.8542248280608
2878,45.8542248280608
2879,45.8542248280608
2880,34.821913202987034
2881,24.62458365323354
2882,25.081052338096537
2883,25.081052338096537
2884,22.484607306028582
2885,22.484607306028582
2886,20.02253936106078
2887,40.44966535130398
2888,40.326166635018545
2889,45.8542248280608
2890,45.8542248280608
2891,43.87400916575793
2892,32.70605645665516
2893,23.889130296070206
2894,25.932545661837015
2895,25.04747412684848
2896,25.04747412684848
2897,24.130172971490456
2898,26.262122679696073
2899,37.814402549359535
2900,40.326166635018545
2901,45.8542248280608
2902,45.8542248280608
2903,22.759347467191994
2904,25.576154493401862
2905,25.79769340318609
2906,23.196462314234942
2907,23.196462314234942
2908,25.704871357151752
2909,40.44966535130398
2910,37.12141606495118
2911,45.8542248280608
2912,45.34129717863154
2913,30.336312536567682
2914,21.598447271115337
2915,26.199950431197163
2916,25.0933399864244
2917,25.704871357151752
2918,37.814402549359535
2919,40.326166635018545
2920,45.8542248280608
2921,45.8542248280608
2922,45.34129717863154
2923,25.76936616054723
2924,22.99250317199277
2925,22.99250317199277
2926,21.143852302115825
2927,17.72821877205069
2928,16.886770673528247
2929,37.12141606495118
2930,45.8542248280608
2931,45.8542248280608
2932,21.178382352635676
2933,22.143664081324147
2934,22.99250317199277
2935,22.99250317199277
2936,21.72876243280794
2937,16.886770673528247
2938,40.44966535130398
2939,37.12141606495118
2940,45.8542248280608
2941,45.54671982676728
2942,45.34129717863154
2943,22.43163045776994
2944,25.76936616054723
2945,25.70910314044252
2946,18.433200135100783
2947,25.650408740840263
2948,40.44966535130398
2949,37.12141606495118
2950,40.326166635018545
2951,45.8542248280608
2952,43.87400916575793
2953,29.145489450564906
2954,22.55037142130532
2955,25.88810712408261
2956,23.11124413552815
2957,22.552484759393415
2958,22.552484759393415
2959,25.769149704375643
2960,40.44966535130398
2961,40.326166635018545
2962,45.8542248280608
2963,45.8542248280608
2964,29.145489450564906
2965,21.895247771665872
2966,22.55037142130532
2967,25.88810712408261
2968,25.8278441039779
2969,23.11124413552815
2970,22.552484759393415
2971,25.769149704375643
2972,45.8542248280608
2973,45.8542248280608
2974,45.34129717863154
2975,29.145489450564906
2976,18.729018199536917
2977,17.005511637063627
2978,40.12646120810421
2979,25.719272807401833
2980,22.93976210460773
2981,22.178341771699053
2982,22.178341771699053
2983,18.1777981109418
2984,17.005511637063627
2985,40.44966535130398
2986,45.8542248280608
2987,45.8542248280608
2988,45.54671982676728
2989,43.87400916575793
2990,21.895247771665872
2991,22.441800124729255
2992,25.779535827506542
2993,25.719272807401833
2994,22.93976210460773
2995,18.1777981109418
2996,25.769149704375643
2997,40.38479285817687
2998,39.91819443631096
2999,45.8542248280608
3000,45.8542248280608
3001,45.34129717863154
3002,25.779535827506542
3003,22.93976210460773
3004,21.593431641006937
3005,17.005511637063627
3006,36.375388546394674
3007,39.53129273545276
3008,45.34129717863154
3009,43.87400916575793
3010,22.93976210460773
3011,22.93976210460773
3012,25.769149704375643
3013,37.17735129820114
3014,39.99789115731867
3015,36.375388546394674
3016,45.8542248280608
3017,29.145489450564906
3018,25.779535827506542
3019,22.93976210460773
3020,21.593431641006937
3021,17.005511637063627
3022,25.769149704375643
3023,36.375388546394674
3024,45.8542248280608
3025,29.145489450564906
3026,22.93976210460773
3027,22.93976210460773
3028,21.862170027288855
3029,21.593431641006937
3030,18.1777981109418
3031,36.375388546394674
3032,45.8542248280608
3033,45.8542248280608
3034,45.8542248280608
3035,45.8542248280608
3036,29.145489450564906
3037,22.621644052510558
3038,25.779535827506542
3039,22.93976210460773
3040,22.93976210460773
3041,21.862170027288855
3042,17.005511637063627
3043,26.005581632955863
3044,37.57852163447533
3045,39.93246307172695
3046,45.8542248280608
3047,45.8542248280608
3048,43.87400916575793
3049,21.895247771665872
3050,25.779535827506542
3051,22.93976210460773
3052,22.93976210460773
3053,21.862170027288855
3054,21.593431641006937
3055,18.1777981109418
3056,40.39906149359286
3057,45.8542248280608
3058,45.8542248280608
3059,45.8542248280608
3060,45.8542248280608
3061,22.621644052510558
3062,25.719272807401833
3063,22.93976210460773
3064,21.862170027288855
3065,21.862170027288855
3066,21.593431641006937
3067,17.005511637063627
3068,40.39906149359286
3069,36.776558882668866
3070,45.8542248280608
3071,45.8542248280608
3072,45.54671982676728
3073,45.34129717863154
3074,29.145489450564906
3075,25.898300960249074
3076,25.838037940144364
3077,22.93976210460773
3078,22.93976210460773
3079,21.862170027288855
3080,17.005511637063627
3081,37.57852163447533
3082,40.39906149359286
3083,39.93246307172695
3084,45.8542248280608
3085,45.8542248280608
3086,45.54671982676728
3087,29.145489450564906
3088,22.621644052510558
3089,25.898300960249074
3090,25.838037940144364
3091,21.862170027288855
3092,21.862170027288855
3093,21.593431641006937
3094,37.57852163447533
3095,36.776558882668866
3096,45.8542248280608
3097,45.34129717863154
3098,30.531057175888293
3099,25.98176095686509
3100,25.92149793676038
3101,22.93976210460773
3102,22.93976210460773
3103,21.943132953716606
3104,18.59137343634921
3105,37.57852163447533
3106,39.93246307172695
3107,45.8542248280608
3108,45.34129717863154
3109,43.87400916575793
3110,25.999938835983944
3111,22.93976210460773
3112,22.93976210460773
3113,22.007006966414345
3114,27.146650634833065
3115,39.93246307172695
3116,45.8542248280608
3117,45.54671982676728
3118,30.531057175888293
3119,22.621644052510558
3120,27.308697990177222
3121,27.248434970072513
3122,22.93976210460773
3123,21.943132953716606
3124,21.943132953716606
3125,17.005511637063627
3126,40.39906149359286
3127,36.776558882668866
3128,39.93246307172695
3129,45.8542248280608
3130,45.8542248280608
3131,45.8542248280608
3132,45.34129717863154
3133,30.531057175888293
3134,21.895247771665872
3135,22.621644052510558
3136,27.308697990177222
3137,27.248434970072513
3138,22.007006966414345
3139,17.005511637063627
3140,45.8542248280608
3141,26.92323008306486
3142,22.614557217600076
3143,21.68180207940669
3144,18.266168549341554
3145,16.680306750055973
3146,45.8542248280608
3147,45.8542248280608
3148,45.34129717863154
3149,43.87400916575793
3150,21.414765157758087
3151,18.266168549341554
3152,37.57852163447533
3153,40.39906149359286
3154,45.8542248280608
3155,45.54671982676728
3156,22.517918245427634
3157,26.92323008306486
3158,22.616583873650253
3159,21.61995472275913
3160,21.683828735456867
3161,45.8542248280608
3162,43.87400916575793
3163,30.796519821522654
3164,21.704941553520428
3165,26.720349342066918
3166,22.30499806647757
3167,22.30499806647757
3168,20.806978030851923
3169,16.091874885156386
3170,25.900242413265392
3171,36.776558882668866
3172,45.8542248280608
3173,45.8542248280608
3174,45.54671982676728
3175,25.36115617515481
3176,26.098726596075554
3177,25.668498291883715
3178,25.668498291883715
3179,23.014647849578132
3180,23.014647849578132
3181,20.55257990461033
3182,19.213811281684674
3183,37.814402549359535
3184,37.12141606495118
3185,39.6576588571218
3186,45.8542248280608
3187,45.8542248280608
3188,45.54671982676728
3189,45.34129717863154
3190,43.87400916575793
3191,25.032892510659437
3192,25.77046293158018
3193,25.898379372470114
3194,23.014647849578132
3195,20.55257990461033
3196,39.6576588571218
3197,45.8542248280608
3198,45.8542248280608
3199,45.8542248280608
3200,45.8542248280608
3201,43.87400916575793
3202,33.843551617863255
3203,24.68660795120607
3204,24.130172971490456
3205,20.904773119739716
3206,18.42250866519204
3207,37.814402549359535
3208,40.44966535130398
3209,37.12141606495118
3210,45.8542248280608
3211,45.8542248280608
3212,45.8542248280608
3213,45.34129717863154
3214,43.87400916575793
3215,22.357337634236668
3216,24.5916240648746
3217,22.611552183542827
3218,37.814402549359535
3219,37.12141606495118
3220,39.6576588571218
3221,45.8542248280608
3222,45.8542248280608
3223,45.8542248280608
3224,24.772342183101443
3225,24.993881092885673
3226,23.88727064811291
3227,18.353981062104488
3228,37.814402549359535
3229,37.12141606495118
3230,39.6576588571218
3231,45.8542248280608
3232,45.8542248280608
3233,45.8542248280608
3234,45.34129717863154
3235,24.820672481751096
3236,22.268485266368188
3237,21.72876243280794
3238,21.72876243280794
3239,16.886770673528247
3240,25.650408740840263
3241,40.44966535130398
3242,45.8542248280608
3243,45.8542248280608
3244,30.41749454984616
3245,21.65929570726393
3246,21.999029907884175
3247,24.820672481751096
3248,24.985085234817937
3249,22.268485266368188
3250,21.72876243280794
3251,21.72876243280794
3252,25.650408740840263
3253,37.814402549359535
3254,37.12141606495118
3255,39.6576588571218
3256,45.8542248280608
3257,45.34129717863154
3258,22.28699628432997
3259,24.985085234817937
3260,22.433743795858035
3261,16.886770673528247
3262,37.814402549359535
3263,40.44966535130398
3264,39.6576588571218
3265,45.8542248280608
3266,45.8542248280608
3267,25.968664771084658
3268,26.1330775241515
3269,23.41647755570175
3270,22.552484759393415
3271,40.44966535130398
3272,39.6576588571218
3273,45.8542248280608
3274,45.34129717863154
3275,23.43498857366353
3276,25.968664771084658
3277,23.41647755570175
3278,18.551941098636163
3279,25.769149704375643
3280,36.94537015177651
3281,45.8542248280608
3282,45.8542248280608
3283,45.34129717863154
3284,31.446745875644343
3285,25.968664771084658
3286,23.593554656602503
3287,23.593554656602503
3288,22.72956186029417
3289,22.72956186029417
3290,18.729018199536917
3291,17.005511637063627
3292,37.814402549359535
3293,40.44966535130398
3294,36.94537015177651
3295,39.45795343020747
3296,45.8542248280608
3297,45.8542248280608
3298,43.87400916575793
3299,26.129220446862217
3300,23.514122497134956
3301,21.593431641006937
3302,45.8542248280608
3303,45.8542248280608
3304,45.8542248280608
3305,45.54671982676728
3306,31.446745875644343
3307,23.095254373043286
3308,23.514122497134956
3309,23.514122497134956
3310,21.568765842284396
3311,18.1777981109418
3312,25.769149704375643
3313,36.8804976586494
3314,45.8542248280608
3315,45.8542248280608
3316,45.34129717863154
3317,43.87400916575793
3318,31.446745875644343
3319,23.095254373043286
3320,23.775388177222393
3321,26.129220446862217
3322,26.293633199929058
3323,23.514122497134956
3324,23.514122497134956
3325,21.593431641006937
3326,17.005511637063627
3327,25.769149704375643
3328,37.17735129820114
3329,39.99789115731867
3330,45.8542248280608
3331,45.34129717863154
3332,24.669942550756105
3333,27.02377482039593
3334,45.8542248280608
3335,45.8542248280608
3336,45.54671982676728
3337,45.34129717863154
3338,32.34130024917805
3339,24.408676870668668
3340,21.862170027288855
3341,21.862170027288855
3342,18.1777981109418
3343,25.769149704375643
3344,36.375388546394674
3345,38.862784957556016
3346,45.8542248280608
3347,45.8542248280608
3348,45.34129717863154
3349,43.87400916575793
3350,32.34130024917805
3351,23.989808746576998
3352,24.408676870668668
3353,21.593431641006937
3354,18.1777981109418
3355,26.005581632955863
3356,37.17735129820114
3357,39.99789115731867
3358,45.8542248280608
3359,45.8542248280608
3360,30.65640974099688
3361,24.706450022312307
3362,24.87086277537915
3363,21.862170027288855
3364,18.1777981109418
3365,26.005581632955863
3366,39.26395529383021
3367,45.8542248280608
3368,43.87400916575793
3369,30.65640974099688
3370,21.862170027288855
3371,37.57852163447533
3372,39.26395529383021
3373,45.8542248280608
3374,45.8542248280608
3375,45.8542248280608
3376,45.34129717863154
3377,30.65640974099688
3378,22.304918238395825
3379,22.352617752672483
3380,24.87086277537915
3381,22.091352072585043
3382,22.091352072585043
3383,21.862170027288855
3384,17.005511637063627
3385,26.005581632955863
3386,37.57852163447533
3387,45.34129717863154
3388,30.65640974099688
3389,25.548001361043507
3390,18.1777981109418
3391,26.547991552826904
3392,39.26395529383021
3393,45.8542248280608
3394,45.8542248280608
3395,45.54671982676728
3396,43.87400916575793
3397,23.853511650214255
3398,25.548001361043507
3399,22.091352072585043
3400,21.862170027288855
3401,21.862170027288855
3402,18.1777981109418
3403,17.005511637063627
3404,36.776558882668866
3405,45.8542248280608
3406,45.8542248280608
3407,45.54671982676728
3408,45.34129717863154
3409,43.87400916575793
3410,25.813520362154396
3411,26.693200197739987
3412,29.159059414604894
3413,24.931040620110775
3414,17.005511637063627
3415,45.8542248280608
3416,43.87400916575793
3417,26.693200197739987
3418,30.059468394426904
3419,24.931040620110775
3420,22.544270416713314
3421,19.192510899345915
3422,17.005511637063627
3423,37.57852163447533
3424,45.8542248280608
3425,45.8542248280608
3426,45.54671982676728
3427,43.87400916575793
3428,25.813520362154396
3429,26.693200197739987
3430,31.472377281582315
3431,24.931040620110775
3432,22.544270416713314
3433,19.192510899345915
3434,17.005511637063627
3435,27.146650634833065
3436,40.39906149359286
3437,45.8542248280608
3438,45.8542248280608
3439,45.54671982676728
3440,45.34129717863154
3441,26.693200197739987
3442,22.544270416713314
3443,22.608144429411052
3444,19.192510899345915
3445,17.005511637063627
3446,27.146650634833065
3447,39.26395529383021
3448,45.8542248280608
3449,45.8542248280608
3450,45.8542248280608
3451,45.54671982676728
3452,43.87400916575793
3453,34.049685692537054
3454,31.14717239457466
3455,24.60583573310312
3456,22.21906552970566
3457,22.282939542403398
3458,16.680306750055973
3459,40.39906149359286
3460,45.8542248280608
3461,45.8542248280608
3462,45.54671982676728
3463,45.34129717863154
3464,25.33303774824661
3465,26.2127175838322
3466,24.60583573310312
3467,22.21906552970566
3468,18.86730601233826
3469,36.776558882668866
3470,45.54671982676728
3471,34.31514833817142
3472,30.98275964150782
3473,24.607862389153297
3474,22.221092185755836
3475,22.221092185755836
3476,26.82144574782541
3477,40.39906149359286
3478,36.776558882668866
3479,45.8542248280608
3480,45.8542248280608
3481,45.8542248280608
3482,45.54671982676728
3483,45.34129717863154
3484,43.87400916575793
3485,34.31514833817142
3486,29.612203485737055
3487,24.723111255820353
3488,24.723111255820353
3489,21.371351738452955
3490,19.40687064712811
3491,37.57852163447533
3492,39.26395529383021
3493,45.8542248280608
3494,45.34129717863154
3495,43.87400916575793
3496,33.96875552848726
3497,27.142599340192227
3498,24.723111255820353
3499,21.371351738452955
3500,29.215238175237115
3501,40.39906149359286
3502,36.776558882668866
3503,39.26395529383021
